ProcessorIPC, 1476478
ProcessorIPC, 1476478
ProcessorIPC, 1476180
ProcessorIPC, 1476180
ProcessorIPC, 1476180
ProcessorIPC, 
ProcessorIPC, 
ProcessorIPC, 
ProcessorIPC, 
ProcessorIPC, 
ProcessorIPC, 986402
ProcessorIPC, 1102794
ProcessorIPC, 657733
ProcessorIPC, 
ProcessorIPC, 
ProcessorIPC, 657733
ProcessorIPC, 657733
ProcessorIPC, 
ProcessorIPC, 
ProcessorIPC, 1592083
ProcessorIPC, 590371
ProcessorIPC, 590371
ProcessorIPC, 590371
ProcessorIPC, 587897
ProcessorIPC, 587897
ProcessorIPC, 587897
ProcessorIPC, 587897
ProcessorIPC, 587897
ProcessorIPC, 587897
ProcessorIPC, 
ProcessorIPC, 
ProcessorIPC, 
ProcessorIPC, 781277
ProcessorIPC, 1416649
ProcessorIPC, 
ProcessorIPC, 781276
ProcessorIPC, 781276
ProcessorIPC, 603362
ProcessorIPC, 603362
ProcessorIPC, 603362
ProcessorIPC, 603362
ProcessorIPC, 1004476
ProcessorIPC, 587897
ProcessorRuntime, 
ProcessorRuntime, 583480
ProcessorIPC, 598947
ProcessorIPC, 684824
ProcessorIPC, 598947
ProcessorIPC, 
ProcessorIPC, 684824
ProcessorIPC, 600926
ProcessorIPC, 600926
ProcessorIPC, 525976
ProcessorIPC, 
ProcessorIPC, 523998
ProcessorIPC, 523998
ProcessorIPC, 523998
ProcessorIPC, 
ProcessorIPC, 523998
ProcessorIPC, 523998
ProcessorIPC, 563936
ProcessorIPC, 
ProcessorIPC, 563936
ProcessorIPC, 583480
ProcessorIPC, 
ProcessorIPC, 563936
ProcessorIPC, 
ProcessorIPC, 515864
ProcessorIPC, 511664
ProcessorRuntime, 511664
ProcessorIPC, 
ProcessorIPC, 511664
ProcessorIPC, 503624
ProcessorIPC, 495785
ProcessorIPC, 495785
ProcessorRuntime, 17185
ProcessorRuntime, 17185
ProcessorIPC, 17185
ProcessorIPC, 17185
ProcessorIPC, 20476
ProcessorIPC, 23637
ProcessorIPC, 23637
ProcessorIPC, 513645
ProcessorIPC, 20398
ProcessorIPC, 497766
ProcessorIPC, 32526
ProcessorIPC, 497766
ProcessorRuntime, 32526
ProcessorRuntime, 
ProcessorIPC, 32526
ProcessorIPC, 32526
ProcessorIPC, 497766
ProcessorIPC, 498185
ProcessorIPC, 498744
ProcessorIPC, 498744
ProcessorIPC, 498744
ProcessorRuntime, 
ProcessorIPC, 505625
ProcessorIPC, 498744
ProcessorIPC, 32620
ProcessorIPC, 54508
ProcessorIPC, 498744
ProcessorIPC, 32620
ProcessorIPC, 498424
ProcessorIPC, 498424
ProcessorIPC, 498424
ProcessorIPC, 32498
ProcessorIPC, 557881
ProcessorRuntime, 558377
